What's the best time to visit {location}?, #3# According to the weather forecast the best time to visit {output-location} is {day} at {time}.
What is the best time to visit {location}?, #3# According to the weather forecast the best time to visit {output-location} is {day} at {time}.
When would be a good time to visit {location}?, #3# According to the weather forecast the best time to visit {output-location} is {day} at {time}.
What time would you recommend visiting {location}?, #3# According to the weather forecast the best time to visit {output-location} is {day} at {time}.
When would you recommend visiting {location}?, #3# According to the weather forecast the best time to visit {output-location} is {day} at {time}.
What's the best day to visit {location}?, #3# According to the weather forecast the best time to visit {output-location} is {day} at {time}.
What is the best day to visit {location}?, #3# According to the weather forecast the best time to visit {output-location} is {day} at {time}.
When would be a good day to visit {location}?, #3# According to the weather forecast the best time to visit {output-location} is {day} at {time}.
What day would you recommend visiting {location}?, #3# According to the weather forecast the best time to visit {output-location} is {day} at {time}.
What's the best time to travel to {location}?, #3# According to the weather forecast the best time to visit {output-location} is {day} at {time}.
What is the best time to travel to {location}?, #3# According to the weather forecast the best time to visit {output-location} is {day} at {time}.
When would be a good time to travel to {location}?, #3# According to the weather forecast the best time to visit {output-location} is {day} at {time}.
What time would you recommend travelling to {location}?, #3# According to the weather forecast the best time to visit {output-location} is {day} at {time}.
When would you recommend travelling to {location}?, #3# According to the weather forecast the best time to visit {output-location} is {day} at {time}.
What's the best day to travel to {location}?, #3# According to the weather forecast the best time to visit {output-location} is {day} at {time}.
What is the best day to travel to {location}?, #3# According to the weather forecast the best time to visit {output-location} is {day} at {time}.
When would be a good day to travel to {location}?, #3# According to the weather forecast the best time to visit {output-location} is {day} at {time}.
What day would you recommend travelling to {location}?, #3# According to the weather forecast the best time to visit {output-location} is {day} at {time}.
What's the best time to go to {location}?, #3# According to the weather forecast the best time to visit {output-location} is {day} at {time}.
What is the best time to go to {location}?, #3# According to the weather forecast the best time to visit {output-location} is {day} at {time}.
When would be a good time to go to {location}?, #3# According to the weather forecast the best time to visit {output-location} is {day} at {time}.
What time would you recommend going to {location}?, #3# According to the weather forecast the best time to visit {output-location} is {day} at {time}.
When would you recommend going to {location}?, #3# According to the weather forecast the best time to visit {output-location} is {day} at {time}.
What's the best day to go to {location}?, #3# According to the weather forecast the best time to visit {output-location} is {day} at {time}.
What is the best day to go to {location}?, #3# According to the weather forecast the best time to visit {output-location} is {day} at {time}.
When would be a good day to go to {location}?, #3# According to the weather forecast the best time to visit {output-location} is {day} at {time}.
What day would you recommend going to {location}?, #3# According to the weather forecast the best time to visit {output-location} is {day} at {time}.