What location would you recommend visiting today?, #4# According to the weather forecast {unknown-location} is the best location to visit today.
What location would you suggest visiting today?, #4# According to the weather forecast {unknown-location} is the best location to visit  today.
What location would you recommend going to today?, #4# According to the weather forecast {unknown-location} is the best location to visit today.
What location would you suggest going to today?, #4# According to the weather forecast {unknown-location} is the best location to visit  today.
What location would you recommend travelling to today?, #4# According to the weather forecast {unknown-location} is the best location to visit today.
What location would you suggest travelling to today?, #4# According to the weather forecast {unknown-location} is the best location to visit today.
Please recommend a location to visit today., #4# According to the weather forecast {unknown-location} is the best location to visit today.
Please suggest a location to visit today., #4# According to the weather forecast {unknown-location} is the best location to visit today.
Please recommend a location to go to today., #4# According to the weather forecast {unknown-location} is the best location to visit today.
Please suggest a location to go to today., #4# According to the weather forecast {unknown-location} is the best location to visit today.
Please recommend a location to travel to today., #4# According to the weather forecast {unknown-location} is the best location to visittoday.
Please suggest a location to travel to today., #4# According to the weather forecast {unknown-location} is the best location to visit today.
What place would you recommend visiting today?, #4# According to the weather forecast {unknown-location} is the best location to visit today.
What place would you suggest visiting today?, #4# According to the weather forecast {unknown-location} is the best location to visit today.
What place would you recommend going to today?, #4# According to the weather forecast {unknown-location} is the best location to visit today.
What place would you suggest going to today?, #4# According to the weather forecast {unknown-location} is the best location to visit today.
What place would you recommend travelling to today?, #4# According to the weather forecast {unknown-location} is the best location to visit today.
What place would you suggest travelling to today?, #4# According to the weather forecast {unknown-location} is the best location to visit today.
Please recommend a place to visit today., #4# According to the weather forecast {unknown-location} is the best location to visit today.
Please suggest a place to visit today., #4# According to the weather forecast {unknown-location} is the best location to visit today.
Please recommend a place to go to today., #4# According to the weather forecast {unknown-location} is the best location to visit today.
Please suggest a place to go to today., #4# According to the weather forecast {unknown-location} is the best location to visit today.
Please recommend a place to travel to today., #4# According to the weather forecast {unknown-location} is the best location to visit today.
Please suggest a place to travel to today., #4# According to the weather forecast {unknown-location} is the best location to visit today.
What tourist destination would you recommend visiting today?, #4# According to the weather forecast {unknown-location} is the best location to visit today.
What tourist destination would you suggest visiting today?, #4# According to the weather forecast {unknown-location} is the best location to visit today.
What tourist destination would you recommend going to today?, #4# According to the weather forecast {unknown-location} is the best location to visit today.
What tourist destination would you suggest going to today?, #4# According to the weather forecast {unknown-location} is the best location to visit today.
What tourist destination would you recommend travelling to today?, #4# According to the weather forecast {unknown-location} is the best location to visit today.
What tourist destination would you suggest travelling to today?, #4# According to the weather forecast {unknown-location} is the best location to visit today.
Please recommend a tourist destination to visit today., #4# According to the weather forecast {unknown-location} is the best location to visit today.
Please suggest a tourist destination to visit today., #4# According to the weather forecast {unknown-location} is the best location to visit today.
Please recommend a tourist destination to go to today., #4# According to the weather forecast {unknown-location} is the best location to visit today.
Please suggest a tourist destination to go to today., #4# According to the weather forecast {unknown-location} is the best location to visit today.
Please recommend a tourist destination to travel to today., #4# According to the weather forecast {unknown-location} is the best location to visit today.
Please suggest a tourist destination to travel to today., #4# According to the weather forecast {unknown-location} is the best location to visit today.
What's the best location to visit today?, #4# According to the weather forecast {unknown-location} is the best location to visit today.
What's the best location to go to today?, #4# According to the weather forecast {unknown-location} is the best location to visit today.
What's the best location to travel to today?, #4# According to the weather forecast {unknown-location} is the best location to visit today.
What's the best place to visit today?, #4# According to the weather forecast {unknown-location} is the best location to visit today.
What's the best place to go to today?, #4# According to the weather forecast {unknown-location} is the best location to visit today.
What's the best place to travel to today?, #4# According to the weather forecast {unknown-location} is the best location to visit today.
What's the best tourist destination to visit today?, #4# According to the weather forecast {unknown-location} is the best location to visit today.
What's the best tourist destination to go to today?, #4# According to the weather forecast {unknown-location} is the best location to visit today.
What's the best tourist destination to travel to today?, #4# According to the weather forecast {unknown-location} is the best location to visit today.
What is the best location to visit today?, #4# According to the weather forecast {unknown-location} is the best location to visit today.
What is the best location to go to today?, #4# According to the weather forecast {unknown-location} is the best location to visit today.
What is the best location to travel to today?, #4# According to the weather forecast {unknown-location} is the best location to visit today.
What is the best place to visit today?, #4# According to the weather forecast {unknown-location} is the best location to visit today.
What is the best place to go to today?, #4# According to the weather forecast {unknown-location} is the best location to visit today.
What is the best place to travel to today?, #4# According to the weather forecast {unknown-location} is the best location to visit today.
What is the best tourist destination to visit today?, #4# According to the weather forecast {unknown-location} is the best location to visit today.
What is the best tourist destination to go to today?, #4# According to the weather forecast {unknown-location} is the best location to visit today.
What is the best tourist destination to travel to today?, #4# According to the weather forecast {unknown-location} is the best location to visit today.
Where should I go today?, #4# According to the weather forecast {unknown-location} is the best location to visit today.
Where is the best place to go today?, #4# According to the weather forecast {unknown-location} is the best location to visit today.