What is the latest news from {location}?, #5# The latest news headline from {output-location} reads: "{title}"
What's the most recent news from {location}?, #5# The latest news headline from {output-location} reads: "{title}"
What is the most recent news from {location}?, #5# The latest news headline from {output-location} reads: "{title}"
What's the most recent news out of {location}?, #5# The latest news headline from {output-location} reads: "{title}"
What is the most recent news out of {location}?, #5# The latest news headline from {output-location} reads: "{title}"
What is currently occurring in {location}?, #5# The latest news headline from {output-location} reads: "{title}"
What's currently occurring in {location}?, #5# The latest news headline from {output-location} reads: "{title}"
Is anything interesting occurring in {location}?, #5# The latest news headline from {output-location} reads: "{title}"
Has anything occurred recently in {location}?, #5# The latest news headline from {output-location} reads: "{title}"
Has anything occurred lately in {location}?, #5# The latest news headline from {output-location} reads: "{title}"
Has anything occurred in {location} recently?, #5# The latest news headline from {output-location} reads: "{title}"
Has anything occurred in {location} lately?, #5# The latest news headline from {output-location} reads: "{title}"
Has anything happened recently in {location}?, #5# The latest news headline from {output-location} reads: "{title}"
Has anything happened lately in {location}?, #5# The latest news headline from {output-location} reads: "{title}"
Has anything happened in {location} recently?, #5# The latest news headline from {output-location} reads: "{title}"
Has anything happened in {location} lately?, #5# The latest news headline from {output-location} reads: "{title}"
Has anything of note occurred in {location} lately?, #5# The latest news headline from {output-location} reads: "{title}"
Has anything of note happened in {location} lately?, #5# The latest news headline from {output-location} reads: "{title}"
What's the latest news from {location}?, #5# The latest news headline from {output-location} reads: "{title}"
What's the latest news out of {location}?, #5# The latest news headline from {output-location} reads: "{title}"
What is the latest news from {location}?, #5# The latest news headline from {output-location} reads: "{title}"
What is the latest news out of {location}?, #5# The latest news headline from {output-location} reads: "{title}"
Have you heard any news from {location}?, #5# The latest news headline from {output-location} reads: "{title}"
Have you heard any news out of {location}?, #5# The latest news headline from {output-location} reads: "{title}"